Year,Precipitation_avg,region,Min_temp_avg,Avg_temp,State,Lyme_cases,Total_Land_Area,Tree_Cover_Loss,species_richness,state_park_land_coverage,state_park_rank
2008,4.49,central,53.8,66.1,Illinois,108,15008781,615,6.0,0.0139,19.0
2008,4.49,central,53.8,66.1,Indiana,42,9436269,1051,8.0,0.008100000000000001,32.0
2008,4.49,central,53.8,66.1,Iowa,109,14584483,209,5.0,0.0021,42.0
2008,4.49,central,53.8,66.1,Kansas,16,21312413,460,1.0,0.0006,44.0
2008,4.49,central,53.8,66.1,Michigan,92,25036039,27919,3.0,0.0223,11.0
2008,4.49,central,53.8,66.1,Minnesota,1282,22534484,35971,3.0,0.009000000000000001,29.0
2008,4.49,central,53.8,66.1,Missouri,6,18056896,18237,7.0,0.0034000000000000002,37.0
2008,4.49,central,53.8,66.1,Nebraska,12,20020895,80,1.0,0.0031,38.0
2008,4.49,central,53.8,66.1,North Dakota,10,18314184,372,1.0,0.0021,41.0
2008,4.49,central,53.8,66.1,Ohio,45,11993914,8298,4.0,0.0077,34.0
2008,4.49,central,53.8,66.1,South Dakota,3,19974629,2187,0.0,0.0077,33.0
2008,4.49,central,53.8,66.1,Wisconsin,2034,16929671,18604,6.0,0.0195,13.0
2008,4.28,eastern,59.4,70.8,Connecticut,3896,1289228,911,5.0,0.0741,4.0
2008,4.28,eastern,59.4,70.8,Delaware,772,529624,506,5.0,0.0169,16.0
2008,4.28,eastern,59.4,70.8,District of Columbia,74,16607,2,,,
2008,4.28,eastern,59.4,70.8,Maine,908,8436323,55926,2.0,0.0358,10.0
2008,4.28,eastern,59.4,70.8,Maryland,2218,2566846,2425,6.0,0.0128,21.0
2008,4.28,eastern,59.4,70.8,Massachusetts,4582,2102300,2315,4.0,0.042300000000000004,7.0
2008,4.28,eastern,59.4,70.8,New Hampshire,1601,2399772,9557,4.0,0.013500000000000002,20.0
2008,4.28,eastern,59.4,70.8,New Jersey,3485,1969753,982,6.0,0.0728,5.0
2008,4.28,eastern,59.4,70.8,New York,7794,13518668,6288,9.0,0.0109,23.0
2008,4.28,eastern,59.4,70.8,Pennsylvania,3818,11729833,12775,6.0,0.0102,24.0
2008,4.28,eastern,59.4,70.8,Rhode Island,210,283338,376,4.0,0.0084,31.0
2008,4.28,eastern,59.4,70.8,Vermont,404,2494848,2435,4.0,0.0084,30.0
2008,2.77,southern,66.6,79.2,Alabama,9,13363464,175903,10.0,0.0023,46.0
2008,2.77,southern,66.6,79.2,Arkansas,0,13769059,85950,8.0,0.0018,44.0
2008,2.77,southern,66.6,79.2,Florida,88,14745993,91214,9.0,0.0663,6.0
2008,2.77,southern,66.6,79.2,Georgia,35,15243415,157689,4.0,0.0023,40.0
2008,2.77,southern,66.6,79.2,Kentucky,5,10452628,16843,9.0,0.0172,15.0
2008,2.77,southern,66.6,79.2,Louisiana,3,12073542,99978,10.0,0.001,48.0
2008,2.77,southern,66.6,79.2,Mississippi,1,12354581,132709,8.0,0.0007000000000000001,49.0
2008,2.77,southern,66.6,79.2,North Carolina,47,12781835,95277,5.0,0.014499999999999999,18.0
2008,2.77,southern,66.6,79.2,South Carolina,29,8012427,83440,7.0,0.0053,35.0
2008,2.77,southern,66.6,79.2,Tennessee,31,10918204,37272,11.0,0.0168,17.0
2008,2.77,southern,66.6,79.2,Virginia,933,10374540,63137,10.0,0.0098,26.0
2008,2.77,southern,66.6,79.2,West Virginia,135,6268946,12481,10.0,0.0095,27.0
2008,1.01,western,49.0,63.9,Alaska,6,150737804,14822,,0.091,2.0
2008,1.01,western,49.0,63.9,Arizona,8,29535713,1704,5.0,0.026000000000000002,12.0
2008,1.01,western,49.0,63.9,California,74,40961694,163686,10.0,0.07490000000000001,3.0
2008,1.01,western,49.0,63.9,Colorado,3,26974269,19542,2.0,0.0102,25.0
2008,1.01,western,49.0,63.9,Hawaii,0,1672429,593,,0.0941,1.0
2008,1.01,western,49.0,63.9,Idaho,9,21643984,103150,1.0,0.0016,45.0
2008,1.01,western,49.0,63.9,Montana,17,38089679,92277,0.0,0.012,22.0
2008,1.01,western,49.0,63.9,Nevada,12,28628391,1248,2.0,0.003,39.0
2008,1.01,western,49.0,63.9,New Mexico,8,31486425,2212,1.0,0.0018,43.0
2008,1.01,western,49.0,63.9,Oregon,38,25141109,77737,2.0,0.0046,36.0
2008,1.01,western,49.0,63.9,Utah,5,21983248,3498,3.0,0.018000000000000002,14.0
2008,1.01,western,49.0,63.9,Washington,23,17487418,81292,2.0,0.0393,9.0
2008,1.01,western,49.0,63.9,Wyoming,3,25329647,23027,0.0,0.0409,8.0
2009,4.08,central,53.9,65.5,Illinois,136,15008781,1074,6.0,0.0139,19.0
2009,4.08,central,53.9,65.5,Indiana,83,9436269,1000,8.0,0.008100000000000001,32.0
2009,4.08,central,53.9,65.5,Iowa,108,14584483,196,5.0,0.0021,42.0
2009,4.08,central,53.9,65.5,Kansas,18,21312413,290,1.0,0.0006,44.0
2009,4.08,central,53.9,65.5,Michigan,103,25036039,26579,3.0,0.0223,11.0
2009,4.08,central,53.9,65.5,Minnesota,1543,22534484,23399,3.0,0.009000000000000001,29.0
2009,4.08,central,53.9,65.5,Missouri,3,18056896,27903,7.0,0.0034000000000000002,37.0
2009,4.08,central,53.9,65.5,Nebraska,5,20020895,68,1.0,0.0031,38.0
2009,4.08,central,53.9,65.5,North Dakota,15,18314184,62,1.0,0.0021,41.0
2009,4.08,central,53.9,65.5,Ohio,58,11993914,5779,4.0,0.0077,34.0
2009,4.08,central,53.9,65.5,South Dakota,1,19974629,1600,0.0,0.0077,33.0
2009,4.08,central,53.9,65.5,Wisconsin,2589,16929671,19994,6.0,0.0195,13.0
2009,4.98,eastern,57.7,68.0,Connecticut,4156,1289228,585,5.0,0.0741,4.0
2009,4.98,eastern,57.7,68.0,Delaware,984,529624,515,5.0,0.0169,16.0
2009,4.98,eastern,57.7,68.0,District of Columbia,61,16607,2,,,
2009,4.98,eastern,57.7,68.0,Maine,970,8436323,42031,2.0,0.0358,10.0
2009,4.98,eastern,57.7,68.0,Maryland,2024,2566846,2237,6.0,0.0128,21.0
2009,4.98,eastern,57.7,68.0,Massachusetts,5256,2102300,1461,4.0,0.042300000000000004,7.0
2009,4.98,eastern,57.7,68.0,New Hampshire,1415,2399772,6546,4.0,0.013500000000000002,20.0
2009,4.98,eastern,57.7,68.0,New Jersey,4973,1969753,801,6.0,0.0728,5.0
2009,4.98,eastern,57.7,68.0,New York,5651,13518668,4899,9.0,0.0109,23.0
2009,4.98,eastern,57.7,68.0,Pennsylvania,5722,11729833,11264,6.0,0.0102,24.0
2009,4.98,eastern,57.7,68.0,Rhode Island,235,283338,194,4.0,0.0084,31.0
2009,4.98,eastern,57.7,68.0,Vermont,408,2494848,2476,4.0,0.0084,30.0
2009,2.38,southern,66.5,78.7,Alabama,3,13363464,114143,10.0,0.0023,46.0
2009,2.38,southern,66.5,78.7,Arkansas,0,13769059,85488,8.0,0.0018,44.0
2009,2.38,southern,66.5,78.7,Florida,110,14745993,78071,9.0,0.0663,6.0
2009,2.38,southern,66.5,78.7,Georgia,40,15243415,121665,4.0,0.0023,40.0
2009,2.38,southern,66.5,78.7,Kentucky,1,10452628,11832,9.0,0.0172,15.0
2009,2.38,southern,66.5,78.7,Louisiana,0,12073542,87851,10.0,0.001,48.0
2009,2.38,southern,66.5,78.7,Mississippi,0,12354581,91497,8.0,0.0007000000000000001,49.0
2009,2.38,southern,66.5,78.7,North Carolina,96,12781835,66560,5.0,0.014499999999999999,18.0
2009,2.38,southern,66.5,78.7,South Carolina,42,8012427,58816,7.0,0.0053,35.0
2009,2.38,southern,66.5,78.7,Tennessee,37,10918204,22238,11.0,0.0168,17.0
2009,2.38,southern,66.5,78.7,Virginia,908,10374540,54361,10.0,0.0098,26.0
2009,2.38,southern,66.5,78.7,West Virginia,201,6268946,9362,10.0,0.0095,27.0
2009,1.59,western,49.3,62.5,Alaska,7,150737804,53732,,0.091,2.0
2009,1.59,western,49.3,62.5,Arizona,7,29535713,762,5.0,0.026000000000000002,12.0
2009,1.59,western,49.3,62.5,California,117,40961694,77176,10.0,0.07490000000000001,3.0
2009,1.59,western,49.3,62.5,Colorado,1,26974269,4790,2.0,0.0102,25.0
2009,1.59,western,49.3,62.5,Hawaii,0,1672429,417,,0.0941,1.0
2009,1.59,western,49.3,62.5,Idaho,16,21643984,22493,1.0,0.0016,45.0
2009,1.59,western,49.3,62.5,Montana,3,38089679,20391,0.0,0.012,22.0
2009,1.59,western,49.3,62.5,Nevada,13,28628391,959,2.0,0.003,39.0
2009,1.59,western,49.3,62.5,New Mexico,5,31486425,489,1.0,0.0018,43.0
2009,1.59,western,49.3,62.5,Oregon,38,25141109,56457,2.0,0.0046,36.0
2009,1.59,western,49.3,62.5,Utah,9,21983248,4201,3.0,0.018000000000000002,14.0
2009,1.59,western,49.3,62.5,Washington,16,17487418,50542,2.0,0.0393,9.0
2009,1.59,western,49.3,62.5,Wyoming,3,25329647,11235,0.0,0.0409,8.0
2010,5.14,central,56.5,68.0,Illinois,135,15008781,523,6.0,0.0139,19.0
2010,5.14,central,56.5,68.0,Indiana,78,9436269,765,8.0,0.008100000000000001,32.0
2010,5.14,central,56.5,68.0,Iowa,85,14584483,216,5.0,0.0021,42.0
2010,5.14,central,56.5,68.0,Kansas,10,21312413,252,1.0,0.0006,44.0
2010,5.14,central,56.5,68.0,Michigan,95,25036039,24141,3.0,0.0223,11.0
2010,5.14,central,56.5,68.0,Minnesota,1960,22534484,27003,3.0,0.009000000000000001,29.0
2010,5.14,central,56.5,68.0,Missouri,4,18056896,12557,7.0,0.0034000000000000002,37.0
2010,5.14,central,56.5,68.0,Nebraska,8,20020895,76,1.0,0.0031,38.0
2010,5.14,central,56.5,68.0,North Dakota,33,18314184,208,1.0,0.0021,41.0
2010,5.14,central,56.5,68.0,Ohio,44,11993914,8385,4.0,0.0077,34.0
2010,5.14,central,56.5,68.0,South Dakota,1,19974629,2254,0.0,0.0077,33.0
2010,5.14,central,56.5,68.0,Wisconsin,3488,16929671,18054,6.0,0.0195,13.0
2010,4.36,eastern,60.8,71.5,Connecticut,3068,1289228,908,5.0,0.0741,4.0
2010,4.36,eastern,60.8,71.5,Delaware,656,529624,580,5.0,0.0169,16.0
2010,4.36,eastern,60.8,71.5,District of Columbia,42,16607,7,,,
2010,4.36,eastern,60.8,71.5,Maine,751,8436323,41753,2.0,0.0358,10.0
2010,4.36,eastern,60.8,71.5,Maryland,1617,2566846,2261,6.0,0.0128,21.0
2010,4.36,eastern,60.8,71.5,Massachusetts,3263,2102300,1748,4.0,0.042300000000000004,7.0
2010,4.36,eastern,60.8,71.5,New Hampshire,1339,2399772,7950,4.0,0.013500000000000002,20.0
2010,4.36,eastern,60.8,71.5,New Jersey,3712,1969753,1096,6.0,0.0728,5.0
2010,4.36,eastern,60.8,71.5,New York,3425,13518668,6169,9.0,0.0109,23.0
2010,4.36,eastern,60.8,71.5,Pennsylvania,3805,11729833,12442,6.0,0.0102,24.0
2010,4.36,eastern,60.8,71.5,Rhode Island,181,283338,198,4.0,0.0084,31.0
2010,4.36,eastern,60.8,71.5,Vermont,356,2494848,3904,4.0,0.0084,30.0
2010,3.05,southern,68.8,80.6,Alabama,2,13363464,149859,10.0,0.0023,46.0
2010,3.05,southern,68.8,80.6,Arkansas,0,13769059,105637,8.0,0.0018,44.0
2010,3.05,southern,68.8,80.6,Florida,84,14745993,86966,9.0,0.0663,6.0
2010,3.05,southern,68.8,80.6,Georgia,10,15243415,157109,4.0,0.0023,40.0
2010,3.05,southern,68.8,80.6,Kentucky,5,10452628,13561,9.0,0.0172,15.0
2010,3.05,southern,68.8,80.6,Louisiana,3,12073542,102425,10.0,0.001,48.0
2010,3.05,southern,68.8,80.6,Mississippi,0,12354581,122973,8.0,0.0007000000000000001,49.0
2010,3.05,southern,68.8,80.6,North Carolina,82,12781835,82680,5.0,0.014499999999999999,18.0
2010,3.05,southern,68.8,80.6,South Carolina,29,8012427,84005,7.0,0.0053,35.0
2010,3.05,southern,68.8,80.6,Tennessee,36,10918204,31610,11.0,0.0168,17.0
2010,3.05,southern,68.8,80.6,Virginia,1245,10374540,57086,10.0,0.0098,26.0
2010,3.05,southern,68.8,80.6,West Virginia,145,6268946,10235,10.0,0.0095,27.0
2010,1.68,western,49.7,63.3,Alaska,7,150737804,238047,,0.091,2.0
2010,1.68,western,49.7,63.3,Arizona,2,29535713,2866,5.0,0.026000000000000002,12.0
2010,1.68,western,49.7,63.3,California,129,40961694,28205,10.0,0.07490000000000001,3.0
2010,1.68,western,49.7,63.3,Colorado,3,26974269,17040,2.0,0.0102,25.0
2010,1.68,western,49.7,63.3,Hawaii,0,1672429,445,,0.0941,1.0
2010,1.68,western,49.7,63.3,Idaho,9,21643984,28661,1.0,0.0016,45.0
2010,1.68,western,49.7,63.3,Montana,4,38089679,26281,0.0,0.012,22.0
2010,1.68,western,49.7,63.3,Nevada,2,28628391,107,2.0,0.003,39.0
2010,1.68,western,49.7,63.3,New Mexico,5,31486425,1818,1.0,0.0018,43.0
2010,1.68,western,49.7,63.3,Oregon,39,25141109,63553,2.0,0.0046,36.0
2010,1.68,western,49.7,63.3,Utah,3,21983248,3920,3.0,0.018000000000000002,14.0
2010,1.68,western,49.7,63.3,Washington,16,17487418,52520,2.0,0.0393,9.0
2010,1.68,western,49.7,63.3,Wyoming,0,25329647,14834,0.0,0.0409,8.0
2011,3.74,central,54.8,66.9,Illinois,194,15008781,604,6.0,0.0139,19.0
2011,3.74,central,54.8,66.9,Indiana,94,9436269,1202,8.0,0.008100000000000001,32.0
2011,3.74,central,54.8,66.9,Iowa,100,14584483,288,5.0,0.0021,42.0
2011,3.74,central,54.8,66.9,Kansas,17,21312413,313,1.0,0.0006,44.0
2011,3.74,central,54.8,66.9,Michigan,104,25036039,17892,3.0,0.0223,11.0
2011,3.74,central,54.8,66.9,Minnesota,2124,22534484,30628,3.0,0.009000000000000001,29.0
2011,3.74,central,54.8,66.9,Missouri,8,18056896,11943,7.0,0.0034000000000000002,37.0
2011,3.74,central,54.8,66.9,Nebraska,11,20020895,98,1.0,0.0031,38.0
2011,3.74,central,54.8,66.9,North Dakota,27,18314184,100,1.0,0.0021,41.0
2011,3.74,central,54.8,66.9,Ohio,53,11993914,5846,4.0,0.0077,34.0
2011,3.74,central,54.8,66.9,South Dakota,4,19974629,1402,0.0,0.0077,33.0
2011,3.74,central,54.8,66.9,Wisconsin,3649,16929671,16216,6.0,0.0195,13.0
2011,3.64,eastern,58.9,70.1,Connecticut,3039,1289228,490,5.0,0.0741,4.0
2011,3.64,eastern,58.9,70.1,Delaware,873,529624,344,5.0,0.0169,16.0
2011,3.64,eastern,58.9,70.1,District of Columbia,0,16607,2,,,
2011,3.64,eastern,58.9,70.1,Maine,1006,8436323,28051,2.0,0.0358,10.0
2011,3.64,eastern,58.9,70.1,Maryland,1351,2566846,1631,6.0,0.0128,21.0
2011,3.64,eastern,58.9,70.1,Massachusetts,2476,2102300,1806,4.0,0.042300000000000004,7.0
2011,3.64,eastern,58.9,70.1,New Hampshire,1299,2399772,4487,4.0,0.013500000000000002,20.0
2011,3.64,eastern,58.9,70.1,New Jersey,4262,1969753,498,6.0,0.0728,5.0
2011,3.64,eastern,58.9,70.1,New York,4490,13518668,3960,9.0,0.0109,23.0
2011,3.64,eastern,58.9,70.1,Pennsylvania,5362,11729833,11683,6.0,0.0102,24.0
2011,3.64,eastern,58.9,70.1,Rhode Island,159,283338,62,4.0,0.0084,31.0
2011,3.64,eastern,58.9,70.1,Vermont,623,2494848,1717,4.0,0.0084,30.0
2011,2.05,southern,67.9,81.5,Alabama,24,13363464,145310,10.0,0.0023,46.0
2011,2.05,southern,67.9,81.5,Arkansas,0,13769059,83900,8.0,0.0018,44.0
2011,2.05,southern,67.9,81.5,Florida,115,14745993,82004,9.0,0.0663,6.0
2011,2.05,southern,67.9,81.5,Georgia,32,15243415,172872,4.0,0.0023,40.0
2011,2.05,southern,67.9,81.5,Kentucky,3,10452628,9259,9.0,0.0172,15.0
2011,2.05,southern,67.9,81.5,Louisiana,2,12073542,88293,10.0,0.001,48.0
2011,2.05,southern,67.9,81.5,Mississippi,5,12354581,104079,8.0,0.0007000000000000001,49.0
2011,2.05,southern,67.9,81.5,North Carolina,88,12781835,83029,5.0,0.014499999999999999,18.0
2011,2.05,southern,67.9,81.5,South Carolina,37,8012427,69048,7.0,0.0053,35.0
2011,2.05,southern,67.9,81.5,Tennessee,37,10918204,24260,11.0,0.0168,17.0
2011,2.05,southern,67.9,81.5,Virginia,1023,10374540,48324,10.0,0.0098,26.0
2011,2.05,southern,67.9,81.5,West Virginia,118,6268946,7592,10.0,0.0095,27.0
2011,1.33,western,48.1,61.8,Alaska,11,150737804,34505,,0.091,2.0
2011,1.33,western,48.1,61.8,Arizona,15,29535713,35822,5.0,0.026000000000000002,12.0
2011,1.33,western,48.1,61.8,California,92,40961694,25487,10.0,0.07490000000000001,3.0
2011,1.33,western,48.1,61.8,Colorado,0,26974269,7616,2.0,0.0102,25.0
2011,1.33,western,48.1,61.8,Hawaii,0,1672429,226,,0.0941,1.0
2011,1.33,western,48.1,61.8,Idaho,4,21643984,30093,1.0,0.0016,45.0
2011,1.33,western,48.1,61.8,Montana,11,38089679,18037,0.0,0.012,22.0
2011,1.33,western,48.1,61.8,Nevada,5,28628391,390,2.0,0.003,39.0
2011,1.33,western,48.1,61.8,New Mexico,6,31486425,15820,1.0,0.0018,43.0
2011,1.33,western,48.1,61.8,Oregon,38,25141109,59951,2.0,0.0046,36.0
2011,1.33,western,48.1,61.8,Utah,9,21983248,15752,3.0,0.018000000000000002,14.0
2011,1.33,western,48.1,61.8,Washington,19,17487418,48810,2.0,0.0393,9.0
2011,1.33,western,48.1,61.8,Wyoming,2,25329647,19048,0.0,0.0409,8.0
2012,2.04,central,55.8,69.7,Illinois,204,15008781,1102,6.0,0.0139,19.0
2012,2.04,central,55.8,69.7,Indiana,74,9436269,1692,8.0,0.008100000000000001,32.0
2012,2.04,central,55.8,69.7,Iowa,165,14584483,440,5.0,0.0021,42.0
2012,2.04,central,55.8,69.7,Kansas,19,21312413,381,1.0,0.0006,44.0
2012,2.04,central,55.8,69.7,Michigan,98,25036039,29666,3.0,0.0223,11.0
2012,2.04,central,55.8,69.7,Minnesota,1515,22534484,56458,3.0,0.009000000000000001,29.0
2012,2.04,central,55.8,69.7,Missouri,2,18056896,15995,7.0,0.0034000000000000002,37.0
2012,2.04,central,55.8,69.7,Nebraska,15,20020895,305,1.0,0.0031,38.0
2012,2.04,central,55.8,69.7,North Dakota,15,18314184,219,1.0,0.0021,41.0
2012,2.04,central,55.8,69.7,Ohio,67,11993914,8224,4.0,0.0077,34.0
2012,2.04,central,55.8,69.7,South Dakota,4,19974629,833,0.0,0.0077,33.0
2012,2.04,central,55.8,69.7,Wisconsin,1766,16929671,19135,6.0,0.0195,13.0
2012,3.58,eastern,56.4,68.1,Connecticut,2657,1289228,734,5.0,0.0741,4.0
2012,3.58,eastern,56.4,68.1,Delaware,669,529624,640,5.0,0.0169,16.0
2012,3.58,eastern,56.4,68.1,District of Columbia,0,16607,9,,,
2012,3.58,eastern,56.4,68.1,Maine,1111,8436323,47086,2.0,0.0358,10.0
2012,3.58,eastern,56.4,68.1,Maryland,1651,2566846,2260,6.0,0.0128,21.0
2012,3.58,eastern,56.4,68.1,Massachusetts,5138,2102300,1827,4.0,0.042300000000000004,7.0
2012,3.58,eastern,56.4,68.1,New Hampshire,1450,2399772,7098,4.0,0.013500000000000002,20.0
2012,3.58,eastern,56.4,68.1,New Jersey,3576,1969753,1177,6.0,0.0728,5.0
2012,3.58,eastern,56.4,68.1,New York,2998,13518668,7929,9.0,0.0109,23.0
2012,3.58,eastern,56.4,68.1,Pennsylvania,5033,11729833,12412,6.0,0.0102,24.0
2012,3.58,eastern,56.4,68.1,Rhode Island,217,283338,229,4.0,0.0084,31.0
2012,3.58,eastern,56.4,68.1,Vermont,522,2494848,2863,4.0,0.0084,30.0
2012,3.05,southern,65.9,78.7,Alabama,25,13363464,154810,10.0,0.0023,46.0
2012,3.05,southern,65.9,78.7,Arkansas,0,13769059,88846,8.0,0.0018,44.0
2012,3.05,southern,65.9,78.7,Florida,118,14745993,105425,9.0,0.0663,6.0
2012,3.05,southern,65.9,78.7,Georgia,31,15243415,183770,4.0,0.0023,40.0
2012,3.05,southern,65.9,78.7,Kentucky,14,10452628,12470,9.0,0.0172,15.0
2012,3.05,southern,65.9,78.7,Louisiana,7,12073542,95182,10.0,0.001,48.0
2012,3.05,southern,65.9,78.7,Mississippi,1,12354581,118657,8.0,0.0007000000000000001,49.0
2012,3.05,southern,65.9,78.7,North Carolina,122,12781835,88202,5.0,0.014499999999999999,18.0
2012,3.05,southern,65.9,78.7,South Carolina,44,8012427,82104,7.0,0.0053,35.0
2012,3.05,southern,65.9,78.7,Tennessee,30,10918204,27579,11.0,0.0168,17.0
2012,3.05,southern,65.9,78.7,Virginia,1110,10374540,54505,10.0,0.0098,26.0
2012,3.05,southern,65.9,78.7,West Virginia,97,6268946,11505,10.0,0.0095,27.0
2012,1.17,western,49.7,64.7,Alaska,10,150737804,20867,,0.091,2.0
2012,1.17,western,49.7,64.7,Arizona,13,29535713,1838,5.0,0.026000000000000002,12.0
2012,1.17,western,49.7,64.7,California,70,40961694,42984,10.0,0.07490000000000001,3.0
2012,1.17,western,49.7,64.7,Colorado,0,26974269,15695,2.0,0.0102,25.0
2012,1.17,western,49.7,64.7,Hawaii,0,1672429,729,,0.0941,1.0
2012,1.17,western,49.7,64.7,Idaho,5,21643984,78772,1.0,0.0016,45.0
2012,1.17,western,49.7,64.7,Montana,6,38089679,32448,0.0,0.012,22.0
2012,1.17,western,49.7,64.7,Nevada,10,28628391,217,2.0,0.003,39.0
2012,1.17,western,49.7,64.7,New Mexico,1,31486425,21374,1.0,0.0018,43.0
2012,1.17,western,49.7,64.7,Oregon,48,25141109,69057,2.0,0.0046,36.0
2012,1.17,western,49.7,64.7,Utah,5,21983248,6989,3.0,0.018000000000000002,14.0
2012,1.17,western,49.7,64.7,Washington,15,17487418,70736,2.0,0.0393,9.0
2012,1.17,western,49.7,64.7,Wyoming,4,25329647,15304,0.0,0.0409,8.0
2013,3.54,central,54.9,67.2,Illinois,337,15008781,1375,6.0,0.0139,19.0
2013,3.54,central,54.9,67.2,Indiana,110,9436269,1742,8.0,0.008100000000000001,32.0
2013,3.54,central,54.9,67.2,Iowa,247,14584483,443,5.0,0.0021,42.0
2013,3.54,central,54.9,67.2,Kansas,34,21312413,655,1.0,0.0006,44.0
2013,3.54,central,54.9,67.2,Michigan,168,25036039,20359,3.0,0.0223,11.0
2013,3.54,central,54.9,67.2,Minnesota,2340,22534484,22334,3.0,0.009000000000000001,29.0
2013,3.54,central,54.9,67.2,Missouri,3,18056896,9823,7.0,0.0034000000000000002,37.0
2013,3.54,central,54.9,67.2,Nebraska,10,20020895,364,1.0,0.0031,38.0
2013,3.54,central,54.9,67.2,North Dakota,29,18314184,64,1.0,0.0021,41.0
2013,3.54,central,54.9,67.2,Ohio,93,11993914,4835,4.0,0.0077,34.0
2013,3.54,central,54.9,67.2,South Dakota,4,19974629,6585,0.0,0.0077,33.0
2013,3.54,central,54.9,67.2,Wisconsin,1872,16929671,12376,6.0,0.0195,13.0
2013,7.29,eastern,58.9,69.0,Connecticut,2925,1289228,546,5.0,0.0741,4.0
2013,7.29,eastern,58.9,69.0,Delaware,509,529624,407,5.0,0.0169,16.0
2013,7.29,eastern,58.9,69.0,District of Columbia,35,16607,0,,,
2013,7.29,eastern,58.9,69.0,Maine,1373,8436323,38877,2.0,0.0358,10.0
2013,7.29,eastern,58.9,69.0,Maryland,1197,2566846,1550,6.0,0.0128,21.0
2013,7.29,eastern,58.9,69.0,Massachusetts,5290,2102300,1172,4.0,0.042300000000000004,7.0
2013,7.29,eastern,58.9,69.0,New Hampshire,1687,2399772,7166,4.0,0.013500000000000002,20.0
2013,7.29,eastern,58.9,69.0,New Jersey,3766,1969753,706,6.0,0.0728,5.0
2013,7.29,eastern,58.9,69.0,New York,4615,13518668,4566,9.0,0.0109,23.0
2013,7.29,eastern,58.9,69.0,Pennsylvania,5758,11729833,8196,6.0,0.0102,24.0
2013,7.29,eastern,58.9,69.0,Rhode Island,724,283338,93,4.0,0.0084,31.0
2013,7.29,eastern,58.9,69.0,Vermont,893,2494848,1679,4.0,0.0084,30.0
2013,3.74,southern,67.0,78.9,Alabama,24,13363464,120069,10.0,0.0023,46.0
2013,3.74,southern,67.0,78.9,Arkansas,0,13769059,70211,8.0,0.0018,44.0
2013,3.74,southern,67.0,78.9,Florida,138,14745993,69131,9.0,0.0663,6.0
2013,3.74,southern,67.0,78.9,Georgia,8,15243415,130805,4.0,0.0023,40.0
2013,3.74,southern,67.0,78.9,Kentucky,40,10452628,7037,9.0,0.0172,15.0
2013,3.74,southern,67.0,78.9,Louisiana,0,12073542,74234,10.0,0.001,48.0
2013,3.74,southern,67.0,78.9,Mississippi,0,12354581,96019,8.0,0.0007000000000000001,49.0
2013,3.74,southern,67.0,78.9,North Carolina,180,12781835,75672,5.0,0.014499999999999999,18.0
2013,3.74,southern,67.0,78.9,South Carolina,42,8012427,68609,7.0,0.0053,35.0
2013,3.74,southern,67.0,78.9,Tennessee,25,10918204,20560,11.0,0.0168,17.0
2013,3.74,southern,67.0,78.9,Virginia,1307,10374540,50539,10.0,0.0098,26.0
2013,3.74,southern,67.0,78.9,West Virginia,143,6268946,7245,10.0,0.0095,27.0
2013,1.1,western,51.7,66.5,Alaska,14,150737804,48435,,0.091,2.0
2013,1.1,western,51.7,66.5,Arizona,32,29535713,935,5.0,0.026000000000000002,12.0
2013,1.1,western,51.7,66.5,California,112,40961694,30686,10.0,0.07490000000000001,3.0
2013,1.1,western,51.7,66.5,Colorado,0,26974269,13122,2.0,0.0102,25.0
2013,1.1,western,51.7,66.5,Hawaii,0,1672429,321,,0.0941,1.0
2013,1.1,western,51.7,66.5,Idaho,19,21643984,64605,1.0,0.0016,45.0
2013,1.1,western,51.7,66.5,Montana,18,38089679,19052,0.0,0.012,22.0
2013,1.1,western,51.7,66.5,Nevada,16,28628391,1217,2.0,0.003,39.0
2013,1.1,western,51.7,66.5,New Mexico,6,31486425,11737,1.0,0.0018,43.0
2013,1.1,western,51.7,66.5,Oregon,43,25141109,62576,2.0,0.0046,36.0
2013,1.1,western,51.7,66.5,Utah,15,21983248,1387,3.0,0.018000000000000002,14.0
2013,1.1,western,51.7,66.5,Washington,18,17487418,56636,2.0,0.0393,9.0
2013,1.1,western,51.7,66.5,Wyoming,3,25329647,11235,0.0,0.0409,8.0
2014,5.44,central,55.2,66.7,Illinois,233,15008781,720,6.0,0.0139,19.0
2014,5.44,central,55.2,66.7,Indiana,110,9436269,1187,8.0,0.008100000000000001,32.0
2014,5.44,central,55.2,66.7,Iowa,194,14584483,546,5.0,0.0021,42.0
2014,5.44,central,55.2,66.7,Kansas,20,21312413,635,1.0,0.0006,44.0
2014,5.44,central,55.2,66.7,Michigan,127,25036039,23937,3.0,0.0223,11.0
2014,5.44,central,55.2,66.7,Minnesota,1416,22534484,28533,3.0,0.009000000000000001,29.0
2014,5.44,central,55.2,66.7,Missouri,10,18056896,10547,7.0,0.0034000000000000002,37.0
2014,5.44,central,55.2,66.7,Nebraska,7,20020895,178,1.0,0.0031,38.0
2014,5.44,central,55.2,66.7,North Dakota,14,18314184,67,1.0,0.0021,41.0
2014,5.44,central,55.2,66.7,Ohio,119,11993914,5687,4.0,0.0077,34.0
2014,5.44,central,55.2,66.7,South Dakota,2,19974629,12633,0.0,0.0077,33.0
2014,5.44,central,55.2,66.7,Wisconsin,1361,16929671,15314,6.0,0.0195,13.0
2014,4.4,eastern,58.6,69.6,Connecticut,2360,1289228,698,5.0,0.0741,4.0
2014,4.4,eastern,58.6,69.6,Delaware,417,529624,574,5.0,0.0169,16.0
2014,4.4,eastern,58.6,69.6,District of Columbia,40,16607,1,,,
2014,4.4,eastern,58.6,69.6,Maine,1401,8436323,41862,2.0,0.0358,10.0
2014,4.4,eastern,58.6,69.6,Maryland,1373,2566846,1789,6.0,0.0128,21.0
2014,4.4,eastern,58.6,69.6,Massachusetts,5304,2102300,1651,4.0,0.042300000000000004,7.0
2014,4.4,eastern,58.6,69.6,New Hampshire,724,2399772,6483,4.0,0.013500000000000002,20.0
2014,4.4,eastern,58.6,69.6,New Jersey,3286,1969753,1120,6.0,0.0728,5.0
2014,4.4,eastern,58.6,69.6,New York,3736,13518668,6395,9.0,0.0109,23.0
2014,4.4,eastern,58.6,69.6,Pennsylvania,7487,11729833,9727,6.0,0.0102,24.0
2014,4.4,eastern,58.6,69.6,Rhode Island,904,283338,115,4.0,0.0084,31.0
2014,4.4,eastern,58.6,69.6,Vermont,599,2494848,2339,4.0,0.0084,30.0
2014,4.09,southern,66.9,78.0,Alabama,64,13363464,137680,10.0,0.0023,46.0
2014,4.09,southern,66.9,78.0,Arkansas,0,13769059,71348,8.0,0.0018,44.0
2014,4.09,southern,66.9,78.0,Florida,155,14745993,61423,9.0,0.0663,6.0
2014,4.09,southern,66.9,78.0,Georgia,4,15243415,139641,4.0,0.0023,40.0
2014,4.09,southern,66.9,78.0,Kentucky,44,10452628,8569,9.0,0.0172,15.0
2014,4.09,southern,66.9,78.0,Louisiana,2,12073542,78533,10.0,0.001,48.0
2014,4.09,southern,66.9,78.0,Mississippi,2,12354581,102801,8.0,0.0007000000000000001,49.0
2014,4.09,southern,66.9,78.0,North Carolina,170,12781835,84960,5.0,0.014499999999999999,18.0
2014,4.09,southern,66.9,78.0,South Carolina,37,8012427,77426,7.0,0.0053,35.0
2014,4.09,southern,66.9,78.0,Tennessee,17,10918204,20500,11.0,0.0168,17.0
2014,4.09,southern,66.9,78.0,Virginia,1346,10374540,55599,10.0,0.0098,26.0
2014,4.09,southern,66.9,78.0,West Virginia,136,6268946,11818,10.0,0.0095,27.0
2014,0.99,western,50.2,64.7,Alaska,8,150737804,25413,,0.091,2.0
2014,0.99,western,50.2,64.7,Arizona,21,29535713,1780,5.0,0.026000000000000002,12.0
2014,0.99,western,50.2,64.7,California,73,40961694,72510,10.0,0.07490000000000001,3.0
2014,0.99,western,50.2,64.7,Colorado,0,26974269,5158,2.0,0.0102,25.0
2014,0.99,western,50.2,64.7,Hawaii,0,1672429,812,,0.0941,1.0
2014,0.99,western,50.2,64.7,Idaho,9,21643984,43679,1.0,0.0016,45.0
2014,0.99,western,50.2,64.7,Montana,7,38089679,15859,0.0,0.012,22.0
2014,0.99,western,50.2,64.7,Nevada,6,28628391,919,2.0,0.003,39.0
2014,0.99,western,50.2,64.7,New Mexico,0,31486425,3680,1.0,0.0018,43.0
2014,0.99,western,50.2,64.7,Oregon,45,25141109,68465,2.0,0.0046,36.0
2014,0.99,western,50.2,64.7,Utah,13,21983248,1179,3.0,0.018000000000000002,14.0
2014,0.99,western,50.2,64.7,Washington,15,17487418,66337,2.0,0.0393,9.0
2014,0.99,western,50.2,64.7,Wyoming,3,25329647,7795,0.0,0.0409,8.0
2015,4.5,central,56.3,68.0,Illinois,287,15008781,624,6.0,0.0139,19.0
2015,4.5,central,56.3,68.0,Indiana,138,9436269,1207,8.0,0.008100000000000001,32.0
2015,4.5,central,56.3,68.0,Iowa,318,14584483,180,5.0,0.0021,42.0
2015,4.5,central,56.3,68.0,Kansas,23,21312413,258,1.0,0.0006,44.0
2015,4.5,central,56.3,68.0,Michigan,148,25036039,23653,3.0,0.0223,11.0
2015,4.5,central,56.3,68.0,Minnesota,1805,22534484,30922,3.0,0.009000000000000001,29.0
2015,4.5,central,56.3,68.0,Missouri,5,18056896,7898,7.0,0.0034000000000000002,37.0
2015,4.5,central,56.3,68.0,Nebraska,11,20020895,91,1.0,0.0031,38.0
2015,4.5,central,56.3,68.0,North Dakota,33,18314184,4,1.0,0.0021,41.0
2015,4.5,central,56.3,68.0,Ohio,154,11993914,6358,4.0,0.0077,34.0
2015,4.5,central,56.3,68.0,South Dakota,5,19974629,2877,0.0,0.0077,33.0
2015,4.5,central,56.3,68.0,Wisconsin,1894,16929671,14842,6.0,0.0195,13.0
2015,6.85,eastern,59.2,69.3,Connecticut,2541,1289228,739,5.0,0.0741,4.0
2015,6.85,eastern,59.2,69.3,Delaware,435,529624,564,5.0,0.0169,16.0
2015,6.85,eastern,59.2,69.3,District of Columbia,121,16607,1,,,
2015,6.85,eastern,59.2,69.3,Maine,1201,8436323,44062,2.0,0.0358,10.0
2015,6.85,eastern,59.2,69.3,Maryland,1728,2566846,2215,6.0,0.0128,21.0
2015,6.85,eastern,59.2,69.3,Massachusetts,4224,2102300,2280,4.0,0.042300000000000004,7.0
2015,6.85,eastern,59.2,69.3,New Hampshire,529,2399772,7176,4.0,0.013500000000000002,20.0
2015,6.85,eastern,59.2,69.3,New Jersey,4855,1969753,801,6.0,0.0728,5.0
2015,6.85,eastern,59.2,69.3,New York,4314,13518668,7097,9.0,0.0109,23.0
2015,6.85,eastern,59.2,69.3,Pennsylvania,9048,11729833,10272,6.0,0.0102,24.0
2015,6.85,eastern,59.2,69.3,Rhode Island,904,283338,178,4.0,0.0084,31.0
2015,6.85,eastern,59.2,69.3,Vermont,710,2494848,2453,4.0,0.0084,30.0
2015,3.86,southern,66.9,78.0,Alabama,25,13363464,122720,10.0,0.0023,46.0
2015,3.86,southern,66.9,78.0,Arkansas,0,13769059,66490,8.0,0.0018,44.0
2015,3.86,southern,66.9,78.0,Florida,166,14745993,58773,9.0,0.0663,6.0
2015,3.86,southern,66.9,78.0,Georgia,8,15243415,124164,4.0,0.0023,40.0
2015,3.86,southern,66.9,78.0,Kentucky,49,10452628,9905,9.0,0.0172,15.0
2015,3.86,southern,66.9,78.0,Louisiana,3,12073542,70939,10.0,0.001,48.0
2015,3.86,southern,66.9,78.0,Mississippi,4,12354581,95040,8.0,0.0007000000000000001,49.0
2015,3.86,southern,66.9,78.0,North Carolina,230,12781835,86487,5.0,0.014499999999999999,18.0
2015,3.86,southern,66.9,78.0,South Carolina,42,8012427,69366,7.0,0.0053,35.0
2015,3.86,southern,66.9,78.0,Tennessee,26,10918204,23738,11.0,0.0168,17.0
2015,3.86,southern,66.9,78.0,Virginia,1539,10374540,57756,10.0,0.0098,26.0
2015,3.86,southern,66.9,78.0,West Virginia,289,6268946,12872,10.0,0.0095,27.0
2015,0.77,western,54.7,69.6,Alaska,9,150737804,148551,,0.091,2.0
2015,0.77,western,54.7,69.6,Arizona,12,29535713,1027,5.0,0.026000000000000002,12.0
2015,0.77,western,54.7,69.6,California,98,40961694,48251,10.0,0.07490000000000001,3.0
2015,0.77,western,54.7,69.6,Colorado,0,26974269,3571,2.0,0.0102,25.0
2015,0.77,western,54.7,69.6,Hawaii,0,1672429,1195,,0.0941,1.0
2015,0.77,western,54.7,69.6,Idaho,9,21643984,39001,1.0,0.0016,45.0
2015,0.77,western,54.7,69.6,Montana,5,38089679,31822,0.0,0.012,22.0
2015,0.77,western,54.7,69.6,Nevada,7,28628391,165,2.0,0.003,39.0
2015,0.77,western,54.7,69.6,New Mexico,0,31486425,698,1.0,0.0018,43.0
2015,0.77,western,54.7,69.6,Oregon,31,25141109,66308,2.0,0.0046,36.0
2015,0.77,western,54.7,69.6,Utah,7,21983248,662,3.0,0.018000000000000002,14.0
2015,0.77,western,54.7,69.6,Washington,24,17487418,89940,2.0,0.0393,9.0
2015,0.77,western,54.7,69.6,Wyoming,1,25329647,1692,0.0,0.0409,8.0
2016,2.63,central,56.8,70.0,Illinois,237,15008781,1055,6.0,0.0139,19.0
2016,2.63,central,56.8,70.0,Indiana,152,9436269,2185,8.0,0.008100000000000001,32.0
2016,2.63,central,56.8,70.0,Iowa,232,14584483,298,5.0,0.0021,42.0
2016,2.63,central,56.8,70.0,Kansas,39,21312413,422,1.0,0.0006,44.0
2016,2.63,central,56.8,70.0,Michigan,221,25036039,27863,3.0,0.0223,11.0
2016,2.63,central,56.8,70.0,Minnesota,2126,22534484,32674,3.0,0.009000000000000001,29.0
2016,2.63,central,56.8,70.0,Missouri,10,18056896,12102,7.0,0.0034000000000000002,37.0
2016,2.63,central,56.8,70.0,Nebraska,14,20020895,109,1.0,0.0031,38.0
2016,2.63,central,56.8,70.0,North Dakota,32,18314184,18,1.0,0.0021,41.0
2016,2.63,central,56.8,70.0,Ohio,160,11993914,8228,4.0,0.0077,34.0
2016,2.63,central,56.8,70.0,South Dakota,11,19974629,864,0.0,0.0077,33.0
2016,2.63,central,56.8,70.0,Wisconsin,2295,16929671,18626,6.0,0.0195,13.0
2016,3.75,eastern,57.9,69.5,Connecticut,1748,1289228,1641,5.0,0.0741,4.0
2016,3.75,eastern,57.9,69.5,Delaware,506,529624,762,5.0,0.0169,16.0
2016,3.75,eastern,57.9,69.5,District of Columbia,103,16607,5,,,
2016,3.75,eastern,57.9,69.5,Maine,1487,8436323,57201,2.0,0.0358,10.0
2016,3.75,eastern,57.9,69.5,Maryland,1866,2566846,2557,6.0,0.0128,21.0
2016,3.75,eastern,57.9,69.5,Massachusetts,198,2102300,3446,4.0,0.042300000000000004,7.0
2016,3.75,eastern,57.9,69.5,New Hampshire,891,2399772,9970,4.0,0.013500000000000002,20.0
2016,3.75,eastern,57.9,69.5,New Jersey,4350,1969753,1336,6.0,0.0728,5.0
2016,3.75,eastern,57.9,69.5,New York,3882,13518668,9226,9.0,0.0109,23.0
2016,3.75,eastern,57.9,69.5,Pennsylvania,11443,11729833,10492,6.0,0.0102,24.0
2016,3.75,eastern,57.9,69.5,Rhode Island,903,283338,3068,4.0,0.0084,31.0
2016,3.75,eastern,57.9,69.5,Vermont,761,2494848,2987,4.0,0.0084,30.0
2016,3.55,southern,67.1,78.8,Alabama,38,13363464,145023,10.0,0.0023,46.0
2016,3.55,southern,67.1,78.8,Arkansas,2,13769059,80290,8.0,0.0018,44.0
2016,3.55,southern,67.1,78.8,Florida,216,14745993,71013,9.0,0.0663,6.0
2016,3.55,southern,67.1,78.8,Georgia,4,15243415,146397,4.0,0.0023,40.0
2016,3.55,southern,67.1,78.8,Kentucky,33,10452628,17806,9.0,0.0172,15.0
2016,3.55,southern,67.1,78.8,Louisiana,7,12073542,73743,10.0,0.001,48.0
2016,3.55,southern,67.1,78.8,Mississippi,1,12354581,110226,8.0,0.0007000000000000001,49.0
2016,3.55,southern,67.1,78.8,North Carolina,272,12781835,98232,5.0,0.014499999999999999,18.0
2016,3.55,southern,67.1,78.8,South Carolina,51,8012427,84082,7.0,0.0053,35.0
2016,3.55,southern,67.1,78.8,Tennessee,25,10918204,27535,11.0,0.0168,17.0
2016,3.55,southern,67.1,78.8,Virginia,1350,10374540,61571,10.0,0.0098,26.0
2016,3.55,southern,67.1,78.8,West Virginia,368,6268946,16050,10.0,0.0095,27.0
2016,0.79,western,52.9,68.0,Alaska,15,150737804,73051,,0.091,2.0
2016,0.79,western,52.9,68.0,Arizona,13,29535713,2386,5.0,0.026000000000000002,12.0
2016,0.79,western,52.9,68.0,California,134,40961694,102596,10.0,0.07490000000000001,3.0
2016,0.79,western,52.9,68.0,Colorado,0,26974269,4767,2.0,0.0102,25.0
2016,0.79,western,52.9,68.0,Hawaii,0,1672429,1235,,0.0941,1.0
2016,0.79,western,52.9,68.0,Idaho,17,21643984,81265,1.0,0.0016,45.0
2016,0.79,western,52.9,68.0,Montana,17,38089679,39445,0.0,0.012,22.0
2016,0.79,western,52.9,68.0,Nevada,15,28628391,360,2.0,0.003,39.0
2016,0.79,western,52.9,68.0,New Mexico,1,31486425,1743,1.0,0.0018,43.0
2016,0.79,western,52.9,68.0,Oregon,61,25141109,88220,2.0,0.0046,36.0
2016,0.79,western,52.9,68.0,Utah,19,21983248,1721,3.0,0.018000000000000002,14.0
2016,0.79,western,52.9,68.0,Washington,31,17487418,115677,2.0,0.0393,9.0
2016,0.79,western,52.9,68.0,Wyoming,1,25329647,8339,0.0,0.0409,8.0
2017,2.94,central,54.8,68.0,Illinois,273,15008781,2126,6.0,0.0139,19.0
2017,2.94,central,54.8,68.0,Indiana,142,9436269,2717,8.0,0.008100000000000001,32.0
2017,2.94,central,54.8,68.0,Iowa,255,14584483,552,5.0,0.0021,42.0
2017,2.94,central,54.8,68.0,Kansas,40,21312413,484,1.0,0.0006,44.0
2017,2.94,central,54.8,68.0,Michigan,291,25036039,30791,3.0,0.0223,11.0
2017,2.94,central,54.8,68.0,Minnesota,2318,22534484,36171,3.0,0.009000000000000001,29.0
2017,2.94,central,54.8,68.0,Missouri,12,18056896,17652,7.0,0.0034000000000000002,37.0
2017,2.94,central,54.8,68.0,Nebraska,14,20020895,158,1.0,0.0031,38.0
2017,2.94,central,54.8,68.0,North Dakota,56,18314184,16,1.0,0.0021,41.0
2017,2.94,central,54.8,68.0,Ohio,270,11993914,9603,4.0,0.0077,34.0
2017,2.94,central,54.8,68.0,South Dakota,12,19974629,1163,0.0,0.0077,33.0
2017,2.94,central,54.8,68.0,Wisconsin,3000,16929671,22891,6.0,0.0195,13.0
2017,4.37,eastern,57.6,68.6,Connecticut,2051,1289228,2002,5.0,0.0741,4.0
2017,4.37,eastern,57.6,68.6,Delaware,608,529624,616,5.0,0.0169,16.0
2017,4.37,eastern,57.6,68.6,District of Columbia,84,16607,1,,,
2017,4.37,eastern,57.6,68.6,Maine,1850,8436323,58203,2.0,0.0358,10.0
2017,4.37,eastern,57.6,68.6,Maryland,1891,2566846,3111,6.0,0.0128,21.0
2017,4.37,eastern,57.6,68.6,Massachusetts,410,2102300,5238,4.0,0.042300000000000004,7.0
2017,4.37,eastern,57.6,68.6,New Hampshire,1381,2399772,9618,4.0,0.013500000000000002,20.0
2017,4.37,eastern,57.6,68.6,New Jersey,5092,1969753,2124,6.0,0.0728,5.0
2017,4.37,eastern,57.6,68.6,New York,5155,13518668,11928,9.0,0.0109,23.0
2017,4.37,eastern,57.6,68.6,Pennsylvania,11900,11729833,16806,6.0,0.0102,24.0
2017,4.37,eastern,57.6,68.6,Rhode Island,1132,283338,1360,4.0,0.0084,31.0
2017,4.37,eastern,57.6,68.6,Vermont,1092,2494848,3278,4.0,0.0084,30.0
2017,4.96,southern,66.1,77.5,Alabama,41,13363464,145479,10.0,0.0023,46.0
2017,4.96,southern,66.1,77.5,Arkansas,6,13769059,81678,8.0,0.0018,44.0
2017,4.96,southern,66.1,77.5,Florida,210,14745993,94838,9.0,0.0663,6.0
2017,4.96,southern,66.1,77.5,Georgia,8,15243415,188715,4.0,0.0023,40.0
2017,4.96,southern,66.1,77.5,Kentucky,20,10452628,15934,9.0,0.0172,15.0
2017,4.96,southern,66.1,77.5,Louisiana,12,12073542,77723,10.0,0.001,48.0
2017,4.96,southern,66.1,77.5,Mississippi,1,12354581,119978,8.0,0.0007000000000000001,49.0
2017,4.96,southern,66.1,77.5,North Carolina,295,12781835,100940,5.0,0.014499999999999999,18.0
2017,4.96,southern,66.1,77.5,South Carolina,21,8012427,88205,7.0,0.0053,35.0
2017,4.96,southern,66.1,77.5,Tennessee,47,10918204,34137,11.0,0.0168,17.0
2017,4.96,southern,66.1,77.5,Virginia,1657,10374540,61609,10.0,0.0098,26.0
2017,4.96,southern,66.1,77.5,West Virginia,648,6268946,17857,10.0,0.0095,27.0
2017,0.87,western,52.1,67.0,Alaska,10,150737804,21571,,0.091,2.0
2017,0.87,western,52.1,67.0,Arizona,28,29535713,3272,5.0,0.026000000000000002,12.0
2017,0.87,western,52.1,67.0,California,145,40961694,89256,10.0,0.07490000000000001,3.0
2017,0.87,western,52.1,67.0,Colorado,4,26974269,5430,2.0,0.0102,25.0
2017,0.87,western,52.1,67.0,Hawaii,0,1672429,824,,0.0941,1.0
2017,0.87,western,52.1,67.0,Idaho,20,21643984,64671,1.0,0.0016,45.0
2017,0.87,western,52.1,67.0,Montana,12,38089679,78319,0.0,0.012,22.0
2017,0.87,western,52.1,67.0,Nevada,17,28628391,219,2.0,0.003,39.0
2017,0.87,western,52.1,67.0,New Mexico,3,31486425,1371,1.0,0.0018,43.0
2017,0.87,western,52.1,67.0,Oregon,84,25141109,112401,2.0,0.0046,36.0
2017,0.87,western,52.1,67.0,Utah,25,21983248,14016,3.0,0.018000000000000002,14.0
2017,0.87,western,52.1,67.0,Washington,37,17487418,91370,2.0,0.0393,9.0
2017,0.87,western,52.1,67.0,Wyoming,4,25329647,9814,0.0,0.0409,8.0
2018,4.34,central,57.7,69.9,Illinois,276,15008781,1531,6.0,0.0139,19.0
2018,4.34,central,57.7,69.9,Indiana,155,9436269,1745,8.0,0.008100000000000001,32.0
2018,4.34,central,57.7,69.9,Iowa,283,14584483,674,5.0,0.0021,42.0
2018,4.34,central,57.7,69.9,Kansas,30,21312413,376,1.0,0.0006,44.0
2018,4.34,central,57.7,69.9,Michigan,262,25036039,32578,3.0,0.0223,11.0
2018,4.34,central,57.7,69.9,Minnesota,1541,22534484,33853,3.0,0.009000000000000001,29.0
2018,4.34,central,57.7,69.9,Missouri,11,18056896,12224,7.0,0.0034000000000000002,37.0
2018,4.34,central,57.7,69.9,Nebraska,15,20020895,152,1.0,0.0031,38.0
2018,4.34,central,57.7,69.9,North Dakota,33,18314184,7,1.0,0.0021,41.0
2018,4.34,central,57.7,69.9,Ohio,293,11993914,5174,4.0,0.0077,34.0
2018,4.34,central,57.7,69.9,South Dakota,7,19974629,11452,0.0,0.0077,33.0
2018,4.34,central,57.7,69.9,Wisconsin,1869,16929671,23039,6.0,0.0195,13.0
2018,4.54,eastern,58.8,69.5,Connecticut,1859,1289228,1281,5.0,0.0741,4.0
2018,4.54,eastern,58.8,69.5,Delaware,520,529624,505,5.0,0.0169,16.0
2018,4.54,eastern,58.8,69.5,District of Columbia,79,16607,0,,,
2018,4.54,eastern,58.8,69.5,Maine,1405,8436323,59876,2.0,0.0358,10.0
2018,4.54,eastern,58.8,69.5,Maryland,1382,2566846,2105,6.0,0.0128,21.0
2018,4.54,eastern,58.8,69.5,Massachusetts,16,2102300,3404,4.0,0.042300000000000004,7.0
2018,4.54,eastern,58.8,69.5,New Hampshire,1428,2399772,9554,4.0,0.013500000000000002,20.0
2018,4.54,eastern,58.8,69.5,New Jersey,4000,1969753,902,6.0,0.0728,5.0
2018,4.54,eastern,58.8,69.5,New York,3638,13518668,13411,9.0,0.0109,23.0
2018,4.54,eastern,58.8,69.5,Pennsylvania,10208,11729833,12483,6.0,0.0102,24.0
2018,4.54,eastern,58.8,69.5,Rhode Island,1111,283338,297,4.0,0.0084,31.0
2018,4.54,eastern,58.8,69.5,Vermont,576,2494848,3823,4.0,0.0084,30.0
2018,3.31,southern,68.6,80.5,Alabama,36,13363464,121733,10.0,0.0023,46.0
2018,3.31,southern,68.6,80.5,Arkansas,4,13769059,74308,8.0,0.0018,44.0
2018,3.31,southern,68.6,80.5,Florida,169,14745993,95218,9.0,0.0663,6.0
2018,3.31,southern,68.6,80.5,Georgia,19,15243415,128213,4.0,0.0023,40.0
2018,3.31,southern,68.6,80.5,Kentucky,22,10452628,9452,9.0,0.0172,15.0
2018,3.31,southern,68.6,80.5,Louisiana,4,12073542,68467,10.0,0.001,48.0
2018,3.31,southern,68.6,80.5,Mississippi,4,12354581,100328,8.0,0.0007000000000000001,49.0
2018,3.31,southern,68.6,80.5,North Carolina,212,12781835,83834,5.0,0.014499999999999999,18.0
2018,3.31,southern,68.6,80.5,South Carolina,39,8012427,77110,7.0,0.0053,35.0
2018,3.31,southern,68.6,80.5,Tennessee,29,10918204,21438,11.0,0.0168,17.0
2018,3.31,southern,68.6,80.5,Virginia,1139,10374540,53655,10.0,0.0098,26.0
2018,3.31,southern,68.6,80.5,West Virginia,671,6268946,13132,10.0,0.0095,27.0
2018,1.09,western,51.2,65.8,Alaska,11,150737804,21001,,0.091,2.0
2018,1.09,western,51.2,65.8,Arizona,7,29535713,1530,5.0,0.026000000000000002,12.0
2018,1.09,western,51.2,65.8,California,104,40961694,103898,10.0,0.07490000000000001,3.0
2018,1.09,western,51.2,65.8,Colorado,3,26974269,19054,2.0,0.0102,25.0
2018,1.09,western,51.2,65.8,Hawaii,0,1672429,1745,,0.0941,1.0
2018,1.09,western,51.2,65.8,Idaho,9,21643984,51438,1.0,0.0016,45.0
2018,1.09,western,51.2,65.8,Montana,7,38089679,79424,0.0,0.012,22.0
2018,1.09,western,51.2,65.8,Nevada,14,28628391,2831,2.0,0.003,39.0
2018,1.09,western,51.2,65.8,New Mexico,2,31486425,5054,1.0,0.0018,43.0
2018,1.09,western,51.2,65.8,Oregon,70,25141109,120433,2.0,0.0046,36.0
2018,1.09,western,51.2,65.8,Utah,27,21983248,13107,3.0,0.018000000000000002,14.0
2018,1.09,western,51.2,65.8,Washington,20,17487418,83396,2.0,0.0393,9.0
2018,1.09,western,51.2,65.8,Wyoming,0,25329647,10365,0.0,0.0409,8.0
2019,3.76,central,53.8,65.9,Illinois,395,15008781,807,6.0,0.0139,19.0
2019,3.76,central,53.8,65.9,Indiana,189,9436269,1509,8.0,0.008100000000000001,32.0
2019,3.76,central,53.8,65.9,Iowa,303,14584483,355,5.0,0.0021,42.0
2019,3.76,central,53.8,65.9,Kansas,35,21312413,283,1.0,0.0006,44.0
2019,3.76,central,53.8,65.9,Michigan,413,25036039,33680,3.0,0.0223,11.0
2019,3.76,central,53.8,65.9,Minnesota,1528,22534484,34133,3.0,0.009000000000000001,29.0
2019,3.76,central,53.8,65.9,Missouri,17,18056896,9975,7.0,0.0034000000000000002,37.0
2019,3.76,central,53.8,65.9,Nebraska,10,20020895,69,1.0,0.0031,38.0
2019,3.76,central,53.8,65.9,North Dakota,38,18314184,3,1.0,0.0021,41.0
2019,3.76,central,53.8,65.9,Ohio,467,11993914,4743,4.0,0.0077,34.0
2019,3.76,central,53.8,65.9,South Dakota,10,19974629,7600,0.0,0.0077,33.0
2019,3.76,central,53.8,65.9,Wisconsin,2178,16929671,27645,6.0,0.0195,13.0
2019,5.52,eastern,57.4,68.1,Connecticut,1233,1289228,1179,5.0,0.0741,4.0
2019,5.52,eastern,57.4,68.1,Delaware,641,529624,722,5.0,0.0169,16.0
2019,5.52,eastern,57.4,68.1,District of Columbia,100,16607,3,,,
2019,5.52,eastern,57.4,68.1,Maine,2167,8436323,54103,2.0,0.0358,10.0
2019,5.52,eastern,57.4,68.1,Maryland,1417,2566846,2308,6.0,0.0128,21.0
2019,5.52,eastern,57.4,68.1,Massachusetts,7,2102300,2965,4.0,0.042300000000000004,7.0
2019,5.52,eastern,57.4,68.1,New Hampshire,1710,2399772,8954,4.0,0.013500000000000002,20.0
2019,5.52,eastern,57.4,68.1,New Jersey,3619,1969753,1535,6.0,0.0728,5.0
2019,5.52,eastern,57.4,68.1,New York,4243,13518668,10535,9.0,0.0109,23.0
2019,5.52,eastern,57.4,68.1,Pennsylvania,8998,11729833,12251,6.0,0.0102,24.0
2019,5.52,eastern,57.4,68.1,Rhode Island,971,283338,290,4.0,0.0084,31.0
2019,5.52,eastern,57.4,68.1,Vermont,1064,2494848,3244,4.0,0.0084,30.0
2019,4.65,southern,65.3,76.9,Alabama,66,13363464,115524,10.0,0.0023,46.0
2019,4.65,southern,65.3,76.9,Arkansas,18,13769059,66341,8.0,0.0018,44.0
2019,4.65,southern,65.3,76.9,Florida,162,14745993,84326,9.0,0.0663,6.0
2019,4.65,southern,65.3,76.9,Georgia,18,15243415,124632,4.0,0.0023,40.0
2019,4.65,southern,65.3,76.9,Kentucky,22,10452628,7747,9.0,0.0172,15.0
2019,4.65,southern,65.3,76.9,Louisiana,8,12073542,61746,10.0,0.001,48.0
2019,4.65,southern,65.3,76.9,Mississippi,4,12354581,91203,8.0,0.0007000000000000001,49.0
2019,4.65,southern,65.3,76.9,North Carolina,334,12781835,79212,5.0,0.014499999999999999,18.0
2019,4.65,southern,65.3,76.9,South Carolina,47,8012427,70333,7.0,0.0053,35.0
2019,4.65,southern,65.3,76.9,Tennessee,45,10918204,21191,11.0,0.0168,17.0
2019,4.65,southern,65.3,76.9,Virginia,1199,10374540,49458,10.0,0.0098,26.0
2019,4.65,southern,65.3,76.9,West Virginia,885,6268946,13132,10.0,0.0095,27.0
2019,0.81,western,50.0,64.3,Alaska,3,150737804,89128,,0.091,2.0
2019,0.81,western,50.0,64.3,Arizona,10,29535713,2571,5.0,0.026000000000000002,12.0
2019,0.81,western,50.0,64.3,California,144,40961694,82090,10.0,0.07490000000000001,3.0
2019,0.81,western,50.0,64.3,Colorado,8,26974269,12227,2.0,0.0102,25.0
2019,0.81,western,50.0,64.3,Hawaii,0,1672429,867,,0.0941,1.0
2019,0.81,western,50.0,64.3,Idaho,14,21643984,37809,1.0,0.0016,45.0
2019,0.81,western,50.0,64.3,Montana,8,38089679,17717,0.0,0.012,22.0
2019,0.81,western,50.0,64.3,Nevada,17,28628391,2942,2.0,0.003,39.0
2019,0.81,western,50.0,64.3,New Mexico,7,31486425,1827,1.0,0.0018,43.0
2019,0.81,western,50.0,64.3,Oregon,65,25141109,87185,2.0,0.0046,36.0
2019,0.81,western,50.0,64.3,Utah,19,21983248,9779,3.0,0.018000000000000002,14.0
2019,0.81,western,50.0,64.3,Washington,43,17487418,66055,2.0,0.0393,9.0
2019,0.81,western,50.0,64.3,Wyoming,5,25329647,12103,0.0,0.0409,8.0
2020,3.09,central,56.5,69.4,Illinois,295,15008781,940,6.0,0.0139,19.0
2020,3.09,central,56.5,69.4,Indiana,212,9436269,1583,8.0,0.008100000000000001,32.0
2020,3.09,central,56.5,69.4,Iowa,257,14584483,1687,5.0,0.0021,42.0
2020,3.09,central,56.5,69.4,Kansas,17,21312413,652,1.0,0.0006,44.0
2020,3.09,central,56.5,69.4,Michigan,468,25036039,32694,3.0,0.0223,11.0
2020,3.09,central,56.5,69.4,Minnesota,0,22534484,28537,3.0,0.009000000000000001,29.0
2020,3.09,central,56.5,69.4,Missouri,7,18056896,10830,7.0,0.0034000000000000002,37.0
2020,3.09,central,56.5,69.4,Nebraska,5,20020895,46,1.0,0.0031,38.0
2020,3.09,central,56.5,69.4,North Dakota,36,18314184,4,1.0,0.0021,41.0
2020,3.09,central,56.5,69.4,Ohio,409,11993914,5537,4.0,0.0077,34.0
2020,3.09,central,56.5,69.4,South Dakota,8,19974629,363,0.0,0.0077,33.0
2020,3.09,central,56.5,69.4,Wisconsin,1447,16929671,27375,6.0,0.0195,13.0
2020,3.63,eastern,58.0,69.1,Connecticut,614,1289228,1135,5.0,0.0741,4.0
2020,3.63,eastern,58.0,69.1,Delaware,355,529624,521,5.0,0.0169,16.0
2020,3.63,eastern,58.0,69.1,District of Columbia,120,16607,0,,,
2020,3.63,eastern,58.0,69.1,Maine,1128,8436323,55344,2.0,0.0358,10.0
2020,3.63,eastern,58.0,69.1,Maryland,842,2566846,2616,6.0,0.0128,21.0
2020,3.63,eastern,58.0,69.1,Massachusetts,107,2102300,3166,4.0,0.042300000000000004,7.0
2020,3.63,eastern,58.0,69.1,New Hampshire,299,2399772,7946,4.0,0.013500000000000002,20.0
2020,3.63,eastern,58.0,69.1,New Jersey,2566,1969753,1091,6.0,0.0728,5.0
2020,3.63,eastern,58.0,69.1,New York,2240,13518668,9461,9.0,0.0109,23.0
2020,3.63,eastern,58.0,69.1,Pennsylvania,3334,11729833,10863,6.0,0.0102,24.0
2020,3.63,eastern,58.0,69.1,Rhode Island,839,283338,412,4.0,0.0084,31.0
2020,3.63,eastern,58.0,69.1,Vermont,59,2494848,2957,4.0,0.0084,30.0
2020,3.24,southern,66.0,78.0,Alabama,14,13363464,99009,10.0,0.0023,46.0
2020,3.24,southern,66.0,78.0,Arkansas,12,13769059,52292,8.0,0.0018,44.0
2020,3.24,southern,66.0,78.0,Florida,121,14745993,52400,9.0,0.0663,6.0
2020,3.24,southern,66.0,78.0,Georgia,32,15243415,103593,4.0,0.0023,40.0
2020,3.24,southern,66.0,78.0,Kentucky,32,10452628,7801,9.0,0.0172,15.0
2020,3.24,southern,66.0,78.0,Louisiana,2,12073542,61176,10.0,0.001,48.0
2020,3.24,southern,66.0,78.0,Mississippi,1,12354581,80551,8.0,0.0007000000000000001,49.0
2020,3.24,southern,66.0,78.0,North Carolina,264,12781835,69828,5.0,0.014499999999999999,18.0
2020,3.24,southern,66.0,78.0,South Carolina,48,8012427,66246,7.0,0.0053,35.0
2020,3.24,southern,66.0,78.0,Tennessee,38,10918204,20057,11.0,0.0168,17.0
2020,3.24,southern,66.0,78.0,Virginia,555,10374540,45333,10.0,0.0098,26.0
2020,3.24,southern,66.0,78.0,West Virginia,1065,6268946,11663,10.0,0.0095,27.0
2020,1.49,western,50.4,64.4,Alaska,0,150737804,60072,,0.091,2.0
2020,1.49,western,50.4,64.4,Arizona,2,29535713,4385,5.0,0.026000000000000002,12.0
2020,1.49,western,50.4,64.4,California,53,40961694,205452,10.0,0.07490000000000001,3.0
2020,1.49,western,50.4,64.4,Colorado,0,26974269,28646,2.0,0.0102,25.0
2020,1.49,western,50.4,64.4,Hawaii,0,1672429,581,,0.0941,1.0
2020,1.49,western,50.4,64.4,Idaho,6,21643984,32622,1.0,0.0016,45.0
2020,1.49,western,50.4,64.4,Montana,3,38089679,15291,0.0,0.012,22.0
2020,1.49,western,50.4,64.4,Nevada,4,28628391,233,2.0,0.003,39.0
2020,1.49,western,50.4,64.4,New Mexico,0,31486425,1680,1.0,0.0018,43.0
2020,1.49,western,50.4,64.4,Oregon,39,25141109,160234,2.0,0.0046,36.0
2020,1.49,western,50.4,64.4,Utah,14,21983248,7427,3.0,0.018000000000000002,14.0
2020,1.49,western,50.4,64.4,Washington,20,17487418,55478,2.0,0.0393,9.0
2020,1.49,western,50.4,64.4,Wyoming,0,25329647,4157,0.0,0.0409,8.0
2021,2.91,central,57.4,70.7,Illinois,540,15008781,846,6.0,0.0139,19.0
2021,2.91,central,57.4,70.7,Indiana,314,9436269,1562,8.0,0.008100000000000001,32.0
2021,2.91,central,57.4,70.7,Iowa,359,14584483,383,5.0,0.0021,42.0
2021,2.91,central,57.4,70.7,Kansas,22,21312413,229,1.0,0.0006,44.0
2021,2.91,central,57.4,70.7,Michigan,862,25036039,30804,3.0,0.0223,11.0
2021,2.91,central,57.4,70.7,Minnesota,1902,22534484,32255,3.0,0.009000000000000001,29.0
2021,2.91,central,57.4,70.7,Missouri,7,18056896,8655,7.0,0.0034000000000000002,37.0
2021,2.91,central,57.4,70.7,Nebraska,10,20020895,67,1.0,0.0031,38.0
2021,2.91,central,57.4,70.7,North Dakota,34,18314184,44,1.0,0.0021,41.0
2021,2.91,central,57.4,70.7,Ohio,590,11993914,4954,4.0,0.0077,34.0
2021,2.91,central,57.4,70.7,South Dakota,16,19974629,103,0.0,0.0077,33.0
2021,2.91,central,57.4,70.7,Wisconsin,2193,16929671,22440,6.0,0.0195,13.0
2021,4.13,eastern,59.4,70.3,Connecticut,541,1289228,1040,5.0,0.0741,4.0
2021,4.13,eastern,59.4,70.3,Delaware,140,529624,546,5.0,0.0169,16.0
2021,4.13,eastern,59.4,70.3,District of Columbia,91,16607,0,,,
2021,4.13,eastern,59.4,70.3,Maine,1510,8436323,44759,2.0,0.0358,10.0
2021,4.13,eastern,59.4,70.3,Maryland,916,2566846,2077,6.0,0.0128,21.0
2021,4.13,eastern,59.4,70.3,Massachusetts,27,2102300,2629,4.0,0.042300000000000004,7.0
2021,4.13,eastern,59.4,70.3,New Hampshire,397,2399772,6003,4.0,0.013500000000000002,20.0
2021,4.13,eastern,59.4,70.3,New Jersey,3518,1969753,1377,6.0,0.0728,5.0
2021,4.13,eastern,59.4,70.3,New York,3006,13518668,8858,9.0,0.0109,23.0
2021,4.13,eastern,59.4,70.3,Pennsylvania,2900,11729833,14260,6.0,0.0102,24.0
2021,4.13,eastern,59.4,70.3,Rhode Island,980,283338,280,4.0,0.0084,31.0
2021,4.13,eastern,59.4,70.3,Vermont,115,2494848,2675,4.0,0.0084,30.0
2021,5.12,southern,66.9,77.9,Alabama,51,13363464,93498,10.0,0.0023,46.0
2021,5.12,southern,66.9,77.9,Arkansas,11,13769059,51838,8.0,0.0018,44.0
2021,5.12,southern,66.9,77.9,Florida,193,14745993,40251,9.0,0.0663,6.0
2021,5.12,southern,66.9,77.9,Georgia,35,15243415,96621,4.0,0.0023,40.0
2021,5.12,southern,66.9,77.9,Kentucky,41,10452628,7039,9.0,0.0172,15.0
2021,5.12,southern,66.9,77.9,Louisiana,4,12073542,48181,10.0,0.001,48.0
2021,5.12,southern,66.9,77.9,Mississippi,1,12354581,65670,8.0,0.0007000000000000001,49.0
2021,5.12,southern,66.9,77.9,North Carolina,338,12781835,66360,5.0,0.014499999999999999,18.0
2021,5.12,southern,66.9,77.9,South Carolina,76,8012427,57293,7.0,0.0053,35.0
2021,5.12,southern,66.9,77.9,Tennessee,57,10918204,18413,11.0,0.0168,17.0
2021,5.12,southern,66.9,77.9,Virginia,705,10374540,42568,10.0,0.0098,26.0
2021,5.12,southern,66.9,77.9,West Virginia,1792,6268946,10773,10.0,0.0095,27.0
2021,0.52,western,55.1,70.6,Alaska,0,150737804,17858,,0.091,2.0
2021,0.52,western,55.1,70.6,Arizona,3,29535713,3882,5.0,0.026000000000000002,12.0
2021,0.52,western,55.1,70.6,California,106,40961694,315278,10.0,0.07490000000000001,3.0
2021,0.52,western,55.1,70.6,Colorado,0,26974269,47522,2.0,0.0102,25.0
2021,0.52,western,55.1,70.6,Hawaii,0,1672429,402,,0.0941,1.0
2021,0.52,western,55.1,70.6,Idaho,6,21643984,44918,1.0,0.0016,45.0
2021,0.52,western,55.1,70.6,Montana,13,38089679,45012,0.0,0.012,22.0
2021,0.52,western,55.1,70.6,Nevada,17,28628391,227,2.0,0.003,39.0
2021,0.52,western,55.1,70.6,New Mexico,2,31486425,4567,1.0,0.0018,43.0
2021,0.52,western,55.1,70.6,Oregon,74,25141109,152627,2.0,0.0046,36.0
2021,0.52,western,55.1,70.6,Utah,18,21983248,5860,3.0,0.018000000000000002,14.0
2021,0.52,western,55.1,70.6,Washington,43,17487418,86530,2.0,0.0393,9.0
2021,0.52,western,55.1,70.6,Wyoming,2,25329647,18545,0.0,0.0409,8.0
2022,2.41,central,55.4,68.3,Illinois,259,15008781,1138,6.0,0.0139,19.0
2022,2.41,central,55.4,68.3,Indiana,236,9436269,1832,8.0,0.008100000000000001,32.0
2022,2.41,central,55.4,68.3,Iowa,154,14584483,489,5.0,0.0021,42.0
2022,2.41,central,55.4,68.3,Kansas,9,21312413,226,1.0,0.0006,44.0
2022,2.41,central,55.4,68.3,Michigan,557,25036039,30788,3.0,0.0223,11.0
2022,2.41,central,55.4,68.3,Minnesota,2685,22534484,34894,3.0,0.009000000000000001,29.0
2022,2.41,central,55.4,68.3,Missouri,7,18056896,8036,7.0,0.0034000000000000002,37.0
2022,2.41,central,55.4,68.3,Nebraska,9,20020895,104,1.0,0.0031,38.0
2022,2.41,central,55.4,68.3,North Dakota,22,18314184,123,1.0,0.0021,41.0
2022,2.41,central,55.4,68.3,Ohio,553,11993914,5245,4.0,0.0077,34.0
2022,2.41,central,55.4,68.3,South Dakota,12,19974629,325,0.0,0.0077,33.0
2022,2.41,central,55.4,68.3,Wisconsin,5208,16929671,23665,6.0,0.0195,13.0
2022,3.39,eastern,57.4,69.1,Connecticut,2022,1289228,1171,5.0,0.0741,4.0
2022,3.39,eastern,57.4,69.1,Delaware,298,529624,610,5.0,0.0169,16.0
2022,3.39,eastern,57.4,69.1,District of Columbia,77,16607,0,,,
2022,3.39,eastern,57.4,69.1,Maine,2653,8436323,51042,2.0,0.0358,10.0
2022,3.39,eastern,57.4,69.1,Maryland,2035,2566846,2613,6.0,0.0128,21.0
2022,3.39,eastern,57.4,69.1,Massachusetts,5052,2102300,2782,4.0,0.042300000000000004,7.0
2022,3.39,eastern,57.4,69.1,New Hampshire,1085,2399772,7678,4.0,0.013500000000000002,20.0
2022,3.39,eastern,57.4,69.1,New Jersey,5897,1969753,1221,6.0,0.0728,5.0
2022,3.39,eastern,57.4,69.1,New York,16798,13518668,11564,9.0,0.0109,23.0
2022,3.39,eastern,57.4,69.1,Pennsylvania,8413,11729833,14501,6.0,0.0102,24.0
2022,3.39,eastern,57.4,69.1,Rhode Island,2326,283338,281,4.0,0.0084,31.0
2022,3.39,eastern,57.4,69.1,Vermont,1312,2494848,3151,4.0,0.0084,30.0
2022,2.72,southern,67.9,80.1,Alabama,32,13363464,95679,10.0,0.0023,46.0
2022,2.72,southern,67.9,80.1,Arkansas,2,13769059,52215,8.0,0.0018,44.0
2022,2.72,southern,67.9,80.1,Florida,233,14745993,40517,9.0,0.0663,6.0
2022,2.72,southern,67.9,80.1,Georgia,31,15243415,104561,4.0,0.0023,40.0
2022,2.72,southern,67.9,80.1,Kentucky,72,10452628,9462,9.0,0.0172,15.0
2022,2.72,southern,67.9,80.1,Louisiana,5,12073542,50545,10.0,0.001,48.0
2022,2.72,southern,67.9,80.1,Mississippi,3,12354581,72404,8.0,0.0007000000000000001,49.0
2022,2.72,southern,67.9,80.1,North Carolina,279,12781835,65543,5.0,0.014499999999999999,18.0
2022,2.72,southern,67.9,80.1,South Carolina,44,8012427,59155,7.0,0.0053,35.0
2022,2.72,southern,67.9,80.1,Tennessee,32,10918204,21185,11.0,0.0168,17.0
2022,2.72,southern,67.9,80.1,Virginia,1403,10374540,40551,10.0,0.0098,26.0
2022,2.72,southern,67.9,80.1,West Virginia,2470,6268946,10135,10.0,0.0095,27.0
2022,1.52,western,51.3,65.4,Alaska,7,150737804,95908,,0.091,2.0
2022,1.52,western,51.3,65.4,Arizona,9,29535713,2027,5.0,0.026000000000000002,12.0
2022,1.52,western,51.3,65.4,California,77,40961694,130561,10.0,0.07490000000000001,3.0
2022,1.52,western,51.3,65.4,Colorado,10,26974269,3794,2.0,0.0102,25.0
2022,1.52,western,51.3,65.4,Hawaii,0,1672429,361,,0.0941,1.0
2022,1.52,western,51.3,65.4,Idaho,10,21643984,69763,1.0,0.0016,45.0
2022,1.52,western,51.3,65.4,Montana,13,38089679,41831,0.0,0.012,22.0
2022,1.52,western,51.3,65.4,Nevada,10,28628391,235,2.0,0.003,39.0
2022,1.52,western,51.3,65.4,New Mexico,3,31486425,42326,1.0,0.0018,43.0
2022,1.52,western,51.3,65.4,Oregon,61,25141109,112467,2.0,0.0046,36.0
2022,1.52,western,51.3,65.4,Utah,16,21983248,3239,3.0,0.018000000000000002,14.0
2022,1.52,western,51.3,65.4,Washington,23,17487418,84966,2.0,0.0393,9.0
2022,1.52,western,51.3,65.4,Wyoming,4,25329647,3623,0.0,0.0409,8.0
